approvalYear,drug,drugId,indication,targetIds,diseaseIds,diseaseType,targetType,source
2018,Ibalizumab,CHEMBL1743029,HIV infection,ENSG00000010610,EFO_0000764,other,novel,Ursu 2019
2018,Fostamatinib,CHEMBL2103830,Chronic ITP,ENSG00000165025,MONDO_0019098,rare,novel,Ursu 2019
2018,Erenumab,CHEMBL3833329,Migraine,ENSG00000064989,MONDO_0005277,other,novel,Ursu 2019
2018,Ivosidenib,CHEMBL3989958,AML with IDH1 mutation,ENSG00000138413,EFO_0000222,oncology,novel,Ursu 2019
2018,Fremanezumab,CHEMBL4297756,Migraine,ENSG00000110680,MONDO_0005277,other,novel,Ursu 2019
2018,Galcanezumab,CHEMBL3707328,Migraine,ENSG00000110680,MONDO_0005277,other,novel,Ursu 2019
2018,Emapalumab,CHEMBL3989977,Primary HLH,ENSG00000111537,Orphanet_158038,rare,novel,Ursu 2019
2018,Larotrectinib,CHEMBL3889654,Solid tumours with NTRK gene fusion,"ENSG00000198400,ENSG00000148053,ENSG00000140538",,oncology,novel,Avram 2020
2018,Tagraxofusp,CHEMBL4297573,Blastic plasmacytoid dendritic cell neoplasm,"ENSG00000185291,ENSG00000167658",EFO_0010580,oncology,novel,Avram 2020
2019,Tenapanor,CHEMBL3304485,IBS with constipation,ENSG00000066230,"EFO_0000555,MONDO_0002203",other,novel,Avram 2020
2019,Voxelotor,CHEMBL4101807,Sickle cell disease,ENSG00000206172,MONDO_0017146,other,novel,Avram 2020
2019,Selinexor,CHEMBL3545185,Multiple myeloma,ENSG00000082898,EFO_0001378,oncology,novel,Avram 2020
2019,Golodirsen,CHEMBL4297762,Duchenne muscular dystrophy,ENSG00000198947,MONDO_0010679,rare,novel,Avram 2020
2019,Givosiran,CHEMBL4297760,Acute hepatic porphyria,ENSG00000023330,Orphanet_95157,rare,novel,Avram 2020
2019,Bremelanotide,CHEMBL2070241,Hypoactive sexual desire disorder,ENSG00000166603,EFO_0004714,other,novel,Avram 2020
2019,Luspatercept,CHEMBL3039545,Anaemia due to _-thalassaemia,"ENSG00000138379,ENSG00000135414",EFO_0004272,rare,novel,Avram 2020
2019,Romosozumab,CHEMBL2107874,Postmenopausal osteoporosis,ENSG00000167941,EFO_0003854,other,novel,Avram 2020
2019,Crizanlizumab,CHEMBL4297734,Vaso-occlusive crisis in sickle cell disease,ENSG00000174175,MONDO_0011382,other,novel,Avram 2020
2019,Enfortumab vedotin,CHEMBL3301589,Urothelial carcinoma,ENSG00000143217,EFO_0008528,oncology,novel,Avram 2020
2019,Polatuzumab vedotin,CHEMBL3301582,Diffuse large B cell lymphoma,ENSG00000007312,EFO_0000403,oncology,novel,Avram 2020
2020,Bempedoic acid,CHEMBL3545313,Hypercholesterolaemia,ENSG00000131473,EFO_0004911,other,novel,Avram 2021
2020,Tazemetostat,CHEMBL3414621,Epithelioid sarcoma and follicular lymphoma,ENSG00000106462,"MONDO_0017387,MONDO_0018906",oncology,novel,Avram 2021
2020,Lonafarnib,CHEMBL298734,HGPS and progeroid laminopathies,"ENSG00000168522,ENSG00000257365","MONDO_0008310,MONDO_0015333",rare,novel,Avram 2021
2020,Cedazuridine,CHEMBL3237547,Myelodysplastic syndromes,ENSG00000158825,EFO_0000198,other,novel,Avram 2021
2020,Belantamab mafodotin,CHEMBL4298209,Multiple myeloma,ENSG00000048462,EFO_0001378,oncology,novel,Avram 2021
2020,Sacituzumab govitecan,CHEMBL3545262,Triple-negative breast cancer,ENSG00000101323,EFO_0005537,oncology,novel,Avram 2021
2020,Lumasiran,CHEMBL4297779,Hyperoxaluria type 1,ENSG00000101323,MONDO_0009823,rare,novel,Avram 2021
2021,Evinacumab,CHEMBL3545191,Homozygous familial hypercholesterolaemia,ENSG00000132855,MONDO_0018328,rare,novel,Avram 2022
2021,Tezepelumab,CHEMBL3707229,Severe asthma,ENSG00000145777,MONDO_0004979,other,novel,Avram 2022
2021,Tralokinumab,CHEMBL1743081,Atopic dermatitis,ENSG00000169194,EFO_0000274,other,novel,Avram 2022
2021,Efgartigimod alfa,CHEMBL4297551,Myasthenia gravis,ENSG00000104870,EFO_0004991,other,novel,Avram 2022
2021,Sotorasib,CHEMBL4535757,Non-small-cell lung cancer,ENSG00000133703,EFO_0003060,oncology,novel,Avram 2022
2021,Belzutifan,CHEMBL4585668,von Hippel–Lindau disease,ENSG00000116016,MONDO_0008667,rare,novel,Avram 2022
2021,Tisotumab vedotin,CHEMBL4297841,Cervical cancer,ENSG00000117525,MONDO_0002974,oncology,novel,Avram 2022
2021,Fosdenopterin,CHEMBL2338675,Molybdenum cofactor deficiency type A,ENSG00000124615,MONDO_0009643,rare,novel,Avram 2022
2021,Vosoritide,CHEMBL3707276,Achondroplasia,ENSG00000159899,MONDO_0007037,other,novel,Avram 2022
2021,Pegcetacoplan,CHEMBL4298211,PNH,ENSG00000125730,MONDO_0100244,rare,novel,Avram 2022
2022,Mavacamten,CHEMBL4297517,Obstructive hypertrophic cardiomyopathy,ENSG00000092054,EFO_0000538,other,novel,Avram 2023
2022,Mitapivat,CHEMBL4299940,Pyruvate kinase deficiency,ENSG00000143627,Orphanet_766,rare,novel,Avram 2023
2022,Sutimlimab,CHEMBL4297832,Cold agglutinin disease,ENSG00000182326,MONDO_0018922,rare,novel,Avram 2023
2022,Spesolimab,CHEMBL4297911,Psoriasis,ENSG00000136695,EFO_0000676,other,novel,Avram 2023
2022,Faricimab,CHEMBL4297750,nAMD and DME,ENSG00000091879,"EFO_0001365,EFO_0009321",other,novel,Avram 2023
2022,Relatlimab,CHEMBL3990044,Melanoma,ENSG00000089692,EFO_0000756,oncology,novel,Avram 2023
2022,Tebentafusp,CHEMBL4297990,Uveal melanoma,"ENSG00000185664,ENSG00000206503","EFO_1001230,EFO_0000756",oncology,novel,Avram 2023
2022,Tirzepatide,CHEMBL4297839,Type 2 diabetes,ENSG00000010310,MONDO_0005148,other,novel,Avram 2023
2018,Erenumab,CHEMBL3833329,migraine disorder,ENSG00000064989,MONDO_0005277,,non-novel,Mullard 2019
2018,Fremanezumab,CHEMBL4297756,migraine disorder,"ENSG00000110680, ENSG00000175868",MONDO_0005277,,non-novel,Mullard 2019
2018,"Palonosetron, fosnetupitant","CHEMBL1189679, CHEMBL3989917",Chemotherapy-induced nausea and vomiting,"ENSG00000166736, ENSG00000115353",EFO_0006911,,non-novel,Mullard 2019
2018,"Segesterone acetate, ethinyl estradiol","CHEMBL3707377, CHEMBL691",contraception,"ENSG00000082175, ENSG00000091831",EFO_0009520,,non-novel,Mullard 2019
2018,Calaspargase pegol,CHEMBL2108728,acute lymphoblastic leukemia,ENSG00000166183,EFO_0000220,,non-novel,Mullard 2019
2018,Encorafenib,CHEMBL3301612,melanoma,ENSG00000157764,EFO_0000756,,non-novel,Mullard 2019
2018,Duvelisib,CHEMBL3039502,chronic lymphocytic leukemia; follicular lymphoma,"ENSG00000105851, ENSG00000171608","EFO_0000095, MONDO_0018906",,non-novel,Mullard 2019
2018,Burosumab,CHEMBL3707326,Hypophosphatemia,ENSG00000118972,HP_0002148,,non-novel,Mullard 2019
2018,Glasdegib,CHEMBL2043437,acute myeloid leukemia,ENSG00000128602,EFO_0000222,,non-novel,Mullard 2019
2018,Stiripentol,CHEMBL1983350,dravet syndrome,ENSG00000022355,Orphanet_33069,,non-novel,Mullard 2019
2018,Avatrombopag,CHEMBL2103883,thrombocytopenia,ENSG00000117400,HP_0001873,,non-novel,Mullard 2019
2018,Tagraxofusp,CHEMBL4297573,blastic plasmacytoid dendritic cell neoplasm,"ENSG00000167658, ENSG00000185291",EFO_0010580,,non-novel,Mullard 2019
2018,Galcanezumab,CHEMBL3707328,migraine disorder,"ENSG00000175868, ENSG00000110680",MONDO_0005277,,non-novel,Mullard 2019
2018,Cannabidiol,CHEMBL190461,Dravet syndrome; Lennox-Gastaut syndrome,ENSG00000118432,"Orphanet_33069, MONDO_0016532",,non-novel,Mullard 2019
2018,Apalutamide,CHEMBL3183409,prostate cancer,ENSG00000169083,MONDO_0008315,,non-novel,Mullard 2019
2018,Amifampridine,CHEMBL354077,Lambert-Eaton myasthenic syndrome,"ENSG00000130037, ENSG00000182255, ENSG00000173826, ENSG00000111262, ENSG00000178342, ENSG00000131398, ENSG00000140015, ENSG00000055118, ENSG00000168418, ENSG00000143473, ENSG00000183960, ENSG00000151079, ENSG00000184408, ENSG00000116396, ENSG00000171126, ENSG00000168263, ENSG00000026559, ENSG00000170745, ENSG00000185760, ENSG00000135519, ENSG00000184156, ENSG00000075043, ENSG00000117013, ENSG00000158445, ENSG00000166006, ENSG00000129159, ENSG00000124134, ENSG00000156486, ENSG00000143105, ENSG00000182674, ENSG00000053918, ENSG00000089558, ENSG00000177301, ENSG00000162975, ENSG00000102057, ENSG00000184611, ENSG00000171385, ENSG00000177272, ENSG00000104848, ENSG00000164794",Orphanet_43393,,non-novel,Mullard 2019
2018,Migalastat,CHEMBL110458,fabry disease,ENSG00000102393,MONDO_0010526,,non-novel,Mullard 2019
2018,Emapalumab,CHEMBL3989977,genetic hemophagocytic lymphohistiocytosis,ENSG00000111537,MONDO_0015541,,non-novel,Mullard 2019
2018,Tildrakizumab,CHEMBL2108681,psoriasis vulgaris,"ENSG00000110944, ENSG00000113302",EFO_1001494,,non-novel,Mullard 2019
2018,Cemiplimab,CHEMBL4297723,cutaneous squamous cell carcinoma; basal cell carcinoma; non-small cell lung carcinoma,ENSG00000188389,"EFO_1001927, EFO_0004193, EFO_0003060",,non-novel,Mullard 2019
2018,Lorlatinib,CHEMBL3286830,non-small cell lung carcinoma,"ENSG00000171094, ENSG00000143924",EFO_0003060,,non-novel,Mullard 2019
2018,Lofexidine,CHEMBL17860,opioid dependence,"ENSG00000150594, ENSG00000274286, ENSG00000184160",EFO_0005611,,non-novel,Mullard 2019
2018,Moxetumomab pasudotox,CHEMBL1743043,hairy cell leukemia,"ENSG00000167658, ENSG00000012124",EFO_1000956,,non-novel,Mullard 2019
2018,Lutetium Lu 177 dotatate,CHEMBL3989924,digestive system neuroendocrine neoplasm,"ENSG00000139874, ENSG00000162009, ENSG00000278195, ENSG00000132671, ENSG00000180616",MONDO_0024503,,non-novel,Mullard 2019
2018,Binimetinib,CHEMBL3187723,melanoma,"ENSG00000169032, ENSG00000126934",EFO_0000756,,non-novel,Mullard 2019
2018,Prucalopride,CHEMBL117287,constipation disorder,ENSG00000164270,MONDO_0002203,,non-novel,Mullard 2019
2018,Lusutrombopag,CHEMBL2107831,thrombocytopenia,ENSG00000117400,HP_0001873,,non-novel,Mullard 2019
2018,Baricitinib,CHEMBL2105759,rheumatoid arthritis,"ENSG00000096968, ENSG00000162434",EFO_0000685,,non-novel,Mullard 2019
2018,Patisiran,CHEMBL3989987,hereditary ATTR amyloidosis,ENSG00000118271,MONDO_0017132,,non-novel,Mullard 2019
2018,Elagolix sodium,CHEMBL502182,adenomyosis; pain,ENSG00000109163,"MONDO_0010888, EFO_0003843",,non-novel,Mullard 2019
2018,Cenegermin,CHEMBL4297852,keratitis,"ENSG00000140538, ENSG00000148053, ENSG00000198400",EFO_0009449,,non-novel,Mullard 2019
2018,Mogamulizumab,CHEMBL1743041,mycosis fungoides,ENSG00000183813,EFO_1001051,,non-novel,Mullard 2019
2018,Elapegademase,CHEMBL3990026,"Serious combined immunodeficiency, autosomal recessive, t cell-negative, b cell-negative, nk cell-negative, due to adenosine deaminase deficiency",ENSG00000196839,MONDO_0007064,,non-novel,Mullard 2019
2018,"Tezacaftor, ivacaftor","CHEMBL3544914, CHEMBL2010601",cystic fibrosis,"ENSG00000001626, ENSG00000001626",MONDO_0009061,,non-novel,Mullard 2019
2018,Lanadelumab,CHEMBL3545189,hereditary angioedema,ENSG00000164344,MONDO_0019623,,non-novel,Mullard 2019
2018,Talazoparib,CHEMBL3137320,HER2 negative breast carcinoma,"ENSG00000143799, ENSG00000129484",EFO_0009780,,non-novel,Mullard 2019
2018,Fostamatinib,CHEMBL2103830,autoimmune thrombocytopenic purpura,ENSG00000165025,EFO_0007160,,non-novel,Mullard 2019
2018,Inotersen,CHEMBL4297770,hereditary ATTR amyloidosis,ENSG00000118271,MONDO_0017132,,non-novel,Mullard 2019
2018,Ivosidenib,CHEMBL3989958,acute myeloid leukemia; cholangiocarcinoma,ENSG00000138413,"EFO_0000222, EFO_0005221",,non-novel,Mullard 2019
2018,Ibalizumab,CHEMBL1743029,hiv infection,ENSG00000010610,EFO_0000764,,non-novel,Mullard 2019
2018,Ravulizumab,CHEMBL3989986,"paroxysmal nocturnal hemoglobinuria, atypical hemolytic-uremic syndrome, Myasthenia gravis",ENSG00000106804,"MONDO_0100244, MONDO_0016244, EFO_0004991",,non-novel,Mullard 2019
2018,Larotrectinib,CHEMBL3889654,salivary gland cancer; soft tissue sarcoma; thyroid cancer,"ENSG00000148053, ENSG00000198400, ENSG00000140538","MONDO_0004669, EFO_1001968, MONDO_0002108",,non-novel,Mullard 2019
2018,Dacomitinib,CHEMBL2105719,non-small cell lung carcinoma,"ENSG00000178568, ENSG00000146648, ENSG00000141736",EFO_0003060,,non-novel,Mullard 2019
2018,Gilteritinib,CHEMBL3301622,acute myeloid leukemia,"ENSG00000122025, ENSG00000167601",EFO_0000222,,non-novel,Mullard 2019
2018,Revefenacin,CHEMBL3833319,chronic obstructive pulmonary disease,ENSG00000133019,EFO_0000341,,non-novel,Mullard 2019
2019,Crizanlizumab,CHEMBL4297734,sickle cell disease and related diseases,ENSG00000174175,MONDO_0017146,,non-novel,Mullard 2020
2019,Trifarotene,CHEMBL3707313,acne,ENSG00000172819,EFO_0003894,,non-novel,Mullard 2020
2019,Erdafitinib,CHEMBL3545376,urinary bladder carcinoma,"ENSG00000077782, ENSG00000066468, ENSG00000160867, ENSG00000068078",MONDO_0004986,,non-novel,Mullard 2020
2019,Brolucizumab,CHEMBL3707357,macular degeneration,ENSG00000112715,EFO_0009606,,non-novel,Mullard 2020
2019,Zanubrutinib,CHEMBL3936761,mantle cell lymphoma,ENSG00000010671,EFO_1001469,,non-novel,Mullard 2020
2019,Caplacizumab,CHEMBL2109624,thrombotic thrombocytopenic purpura,ENSG00000110799,MONDO_0018896,,non-novel,Mullard 2020
2019,Lumateperone,CHEMBL3306803,schizophrenia,"ENSG00000102468, ENSG00000108576, ENSG00000149295",MONDO_0005090,,non-novel,Mullard 2020
2019,Lemborexant,CHEMBL3545367,insomnia,"ENSG00000121764, ENSG00000137252",EFO_0004698,,non-novel,Mullard 2020
2019,Trastuzumab deruxtecan,CHEMBL4297844,HER2 Positive Breast Carcinoma,"ENSG00000141736, ENSG00000198900",EFO_1000294,,non-novel,Mullard 2020
2019,Romosozumab,CHEMBL2107874,osteoporosis,ENSG00000167941,EFO_0003882,,non-novel,Mullard 2020
2019,Gallium dotatoc Ga-68,CHEMBL4297340,neuroendocrine neoplasm,ENSG00000180616,EFO_1001901,,non-novel,Mullard 2020
2019,Givosiran,CHEMBL4297760,acute hepatic porphyria,ENSG00000023330,Orphanet_95157,,non-novel,Mullard 2020
2019,Tenapanor,CHEMBL3304485,irritable bowel syndrome,ENSG00000066230,EFO_0000555,,non-novel,Mullard 2020
2019,Fedratinib,CHEMBL1287853,myelofibrosis,"ENSG00000096968, ENSG00000122025",MONDO_0044903,,non-novel,Mullard 2020
2019,Prabotulinumtoxin A,CHEMBL4297229,Facial wrinkling,ENSG00000132639,HP_0009762,,non-novel,Mullard 2020
2019,Siponimod,CHEMBL2336071,relapsing-remitting multiple sclerosis,ENSG00000170989,EFO_0003929,,non-novel,Mullard 2020
2019,Istradefylline,CHEMBL431770,Parkinson disease,ENSG00000128271,MONDO_0005180,,non-novel,Mullard 2020
2019,Darolutamide,CHEMBL4297185,prostate cancer,ENSG00000169083,MONDO_0008315,,non-novel,Mullard 2020
2019,Voxelotor,CHEMBL4101807,sickle cell anemia,"ENSG00000206172, ENSG00000244734, ENSG00000188536",MONDO_0011382,,non-novel,Mullard 2020
2019,Enfortumab vedotin,CHEMBL3301589,urothelial neoplasm,"ENSG00000143217, ENSG00000101162, ENSG00000167552, ENSG00000261456, ENSG00000127824, ENSG00000123416, ENSG00000258947, ENSG00000198033, ENSG00000188229, ENSG00000152086, ENSG00000137267, ENSG00000104833, ENSG00000167553, ENSG00000137285, ENSG00000196230, ENSG00000176014",MONDO_0024337,,non-novel,Mullard 2020
2019,Alpelisib,CHEMBL2396661,breast cancer,ENSG00000121879,MONDO_0007254,,non-novel,Mullard 2020
2019,Polatuzumab vedotin,CHEMBL3301582,diffuse large b-cell lymphoma,"ENSG00000198033, ENSG00000167552, ENSG00000261456, ENSG00000176014, ENSG00000258947, ENSG00000123416, ENSG00000101162, ENSG00000188229, ENSG00000152086, ENSG00000007312, ENSG00000137285, ENSG00000167553, ENSG00000196230, ENSG00000137267, ENSG00000127824, ENSG00000104833",EFO_0000403,,non-novel,Mullard 2020
2019,Luspatercept,CHEMBL3039545,beta thalassemia; anemia,"ENSG00000105329, ENSG00000092969, ENSG00000119699","MONDO_0019402, MONDO_0002280",,non-novel,Mullard 2020
2019,"Cilastatin, imipenem, relebactam","CHEMBL766, CHEMBL148, CHEMBL3301605",urinary tract infection,"ENSG00000015413,NA,NA",EFO_0003103,,non-novel,Mullard 2020
2019,Lasmiditan,CHEMBL3039520,migraine disorder,ENSG00000179097,MONDO_0005277,,non-novel,Mullard 2020
2019,Upadacitinib,CHEMBL3622821,rheumatoid arthritis,"ENSG00000162434, ENSG00000096968, ENSG00000105397, ENSG00000105639",EFO_0000685,,non-novel,Mullard 2020
2019,Entrectinib,CHEMBL1983268,non-small cell lung carcinoma,"ENSG00000148053, ENSG00000198400, ENSG00000140538, ENSG00000047936, ENSG00000171094",EFO_0003060,,non-novel,Mullard 2020
2019,Afamelanotide,CHEMBL441738,erythropoietic protoporphyria,ENSG00000258839,MONDO_0001676,,non-novel,Mullard 2020
2019,Risankizumab,CHEMBL3990029,psoriasis vulgaris,"ENSG00000110944, ENSG00000113302",EFO_1001494,,non-novel,Mullard 2020
2019,"Tezacaftor, elexacaftor, ivacaftor","CHEMBL3544914, CHEMBL4298128, CHEMBL2010601",cystic fibrosis,"ENSG00000001626, ENSG00000001626, ENSG00000001626",MONDO_0009061,,non-novel,Mullard 2020
2019,Pexidartinib,CHEMBL3813873,Tenosynovial Giant Cell Tumor,"ENSG00000182578, ENSG00000122025, ENSG00000157404",EFO_1000562,,non-novel,Mullard 2020
2019,Ubrogepant,CHEMBL2364638,migraine disorder,ENSG00000064989,MONDO_0005277,,non-novel,Mullard 2020
2019,Bremelanotide,CHEMBL2070241,sexual dysfunction,ENSG00000166603,EFO_0004714,,non-novel,Mullard 2020
2019,Tafamidis,CHEMBL2103837,cardiomyopathy,ENSG00000118271,EFO_0000318,,non-novel,Mullard 2020
2019,Golodirsen,CHEMBL4297762,duchenne muscular dystrophy,ENSG00000198947,MONDO_0010679,,non-novel,Mullard 2020
2019,Pitolisant,CHEMBL462605,narcolepsy,ENSG00000101180,MONDO_0021107,,non-novel,Mullard 2020
2019,Cenobamate,CHEMBL3989949,seizure,"ENSG00000168356, ENSG00000196876, ENSG00000185313, ENSG00000144285, ENSG00000153253, ENSG00000183873, ENSG00000136531, ENSG00000169432, ENSG00000136546, ENSG00000007314, ENSG00000186297, ENSG00000151834, ENSG00000011677, ENSG00000187730, ENSG00000109158, ENSG00000022355, ENSG00000166206, ENSG00000182256, ENSG00000145864, ENSG00000268089, ENSG00000145863, ENSG00000094755, ENSG00000163288, ENSG00000113327, ENSG00000102287, ENSG00000163285",HP_0001250,,non-novel,Mullard 2020
2019,Selinexor,CHEMBL3545185,multiple myeloma,ENSG00000082898,EFO_0001378,,non-novel,Mullard 2020
2019,Brexanolone,CHEMBL207538,postpartum depression,"ENSG00000094755, ENSG00000109158, ENSG00000186297, ENSG00000022355, ENSG00000145864, ENSG00000166206, ENSG00000182256, ENSG00000011677, ENSG00000268089, ENSG00000102287, ENSG00000113327, ENSG00000163285, ENSG00000151834, ENSG00000145863, ENSG00000163288, ENSG00000187730",EFO_0007453,,non-novel,Mullard 2020
2020,Avapritinib,CHEMBL4204794,gastrointestinal stromal tumor,"ENSG00000157404, ENSG00000134853",MONDO_0011719,,non-novel,Mullard 2021
2020,Amisulpride,CHEMBL243712,Nausea and vomiting,"ENSG00000151577, ENSG00000149295, ENSG00000164270, ENSG00000157219, ENSG00000158748, ENSG00000166736, ENSG00000186090, ENSG00000178084, ENSG00000102468, ENSG00000149305, ENSG00000179097, ENSG00000135914, ENSG00000178394, ENSG00000168830, ENSG00000147246, ENSG00000186038, ENSG00000148680, ENSG00000135312, ENSG00000179546",HP_0002017,,non-novel,Mullard 2021
2020,Belantamab mafodotin,CHEMBL4298209,multiple myeloma,"ENSG00000048462, ENSG00000152086, ENSG00000167553, ENSG00000188229, ENSG00000137267, ENSG00000176014, ENSG00000261456, ENSG00000127824, ENSG00000123416, ENSG00000137285, ENSG00000258947, ENSG00000167552, ENSG00000198033, ENSG00000196230, ENSG00000104833, ENSG00000101162",EFO_0001378,,non-novel,Mullard 2021
2020,Remimazolam,CHEMBL4297526,sedation,"ENSG00000102287, ENSG00000163288, ENSG00000186297, ENSG00000145864, ENSG00000113327, ENSG00000011677, ENSG00000094755, ENSG00000163285, ENSG00000151834, ENSG00000109158, ENSG00000268089, ENSG00000187730, ENSG00000182256, ENSG00000022355, ENSG00000145863, ENSG00000166206",EFO_0009868,,non-novel,Mullard 2021
2020,Copper dotatate Cu-64,CHEMBL4297339,neuroendocrine neoplasm,ENSG00000180616,EFO_1001901,,non-novel,Mullard 2021
2020,Satralizumab,CHEMBL3833307,neuromyelitis optica,"ENSG00000160712, ENSG00000134352",EFO_0004256,,non-novel,Mullard 2021
2020,Risdiplam,CHEMBL4297528,spinal muscular atrophy,ENSG00000205571,EFO_0008525,,non-novel,Mullard 2021
2020,Flortaucipir F-18,CHEMBL3545253,Alzheimer disease,ENSG00000186868,MONDO_0004975,,non-novel,Mullard 2021
2020,Fluoroestradiol F-18,CHEMBL4594261,breast carcinoma,ENSG00000186868,EFO_0000305,,non-novel,Mullard 2021
2020,Pralsetinib,CHEMBL4582651,non-small cell lung carcinoma,"ENSG00000170759, ENSG00000165731, ENSG00000108091",EFO_0003060,,non-novel,Mullard 2021
2020,Vibegron,CHEMBL2107826,overactive bladder,ENSG00000188778,EFO_1000781,,non-novel,Mullard 2021
2020,Setmelanotide,CHEMBL3301624,Bardet-Biedl syndrome,ENSG00000166603,MONDO_0015229,,non-novel,Mullard 2021
2020,Cedazuridine,"CHEMBL3237547, CHEMBL1201129",myelodysplastic syndrome,"ENSG00000158825, ENSG00000119772, ENSG00000130816",EFO_0000198,,non-novel,Mullard 2021
2020,Osilodrostat,CHEMBL3099695,Cushing syndrome,ENSG00000160882,EFO_0003099,,non-novel,Mullard 2021
2020,Tirbanibulin,CHEMBL571546,actinic keratosis,ENSG00000197122,EFO_0002496,,non-novel,Mullard 2021
2020,Selumetinib,CHEMBL1614701,neurofibromatosis type 1,"ENSG00000169032, ENSG00000126934",MONDO_0018975,,non-novel,Mullard 2021
2020,Margetuximab,CHEMBL2364649,HER2 Positive Breast Carcinoma,ENSG00000141736,EFO_1000294,,non-novel,Mullard 2021
2020,Tafasitamab,CHEMBL4298047,diffuse large b-cell lymphoma,ENSG00000177455,EFO_0000403,,non-novel,Mullard 2021
2020,Bempedoic acid,CHEMBL3545313,atherosclerosis; familial hypercholesterolemia,ENSG00000131473,"EFO_0003914, EFO_0004911",,non-novel,Mullard 2021
2020,Rimegepant,CHEMBL2178422,migraine disorder,ENSG00000064989,MONDO_0005277,,non-novel,Mullard 2021
2020,Oliceridine,CHEMBL2443262,pain,ENSG00000112038,EFO_0003843,,non-novel,Mullard 2021
2020,Opicapone,CHEMBL1089318,parkinson disease,ENSG00000093010,MONDO_0005180,,non-novel,Mullard 2021
2020,Relugolix,CHEMBL1800159,prostate cancer,ENSG00000109163,MONDO_0008315,,non-novel,Mullard 2021
2020,Berotralstatc,CHEMBL4594271,hereditary angioedema,ENSG00000164344,MONDO_0019623,,non-novel,Mullard 2021
2020,Lumasiran,CHEMBL4297779,primary hyperoxaluria type 1,ENSG00000101323,MONDO_0009823,,non-novel,Mullard 2021
2020,Pemigatinib,CHEMBL4297522,cholangiocarcinoma,"ENSG00000066468, ENSG00000068078, ENSG00000077782",EFO_0005221,,non-novel,Mullard 2021
2020,PSMA-11 Ga-68,CHEMBL4297335,prostate carcinoma,ENSG00000142515,EFO_0001663,,non-novel,Mullard 2021
2020,Ripretinib,CHEMBL4216467,gastrointestinal stromal tumor,"ENSG00000157404, ENSG00000134853",MONDO_0011719,,non-novel,Mullard 2021
2020,Selpercatinib,CHEMBL4559134,non-small cell lung carcinoma; thyroid cancer,"ENSG00000108091, ENSG00000165731, ENSG00000170759","EFO_0003060, MONDO_0002108",,non-novel,Mullard 2021
2020,Isatuximab,CHEMBL3545131,multiple myeloma,ENSG00000004468,EFO_0001378,,non-novel,Mullard 2021
2020,Somapacitan,CHEMBL3707290,short stature due to partial GHR deficiency,ENSG00000112964,MONDO_0011420,,non-novel,Mullard 2021
2020,Capmatinib,CHEMBL3188267,non-small cell lung carcinoma,ENSG00000105976,EFO_0003060,,non-novel,Mullard 2021
2020,Tazemetostat,CHEMBL3414621,epithelioid sarcoma,ENSG00000106462,MONDO_0017387,,non-novel,Mullard 2021
2020,Teprotumumab,CHEMBL1743079,Graves disease,ENSG00000140443,EFO_0004237,,non-novel,Mullard 2021
2020,Sacituzumab govitecan,CHEMBL3545262,triple-negative breast cancer; urothelial carcinoma,"ENSG00000198900, ENSG00000184292","EFO_0005537, EFO_0008528",,non-novel,Mullard 2021
2020,Tucatinib,CHEMBL3989868,HER2 Positive Breast Carcinoma,ENSG00000141736,EFO_1000294,,non-novel,Mullard 2021
2020,Inebilizumab,CHEMBL2109334,neuromyelitis optica,ENSG00000177455,EFO_0004256,,non-novel,Mullard 2021
2020,Viltolarsen,CHEMBL4298062,duchenne muscular dystrophy,ENSG00000198947,MONDO_0010679,,non-novel,Mullard 2021
2020,Eptinezumab,CHEMBL3833320,migraine disorder,"ENSG00000110680, ENSG00000175868",MONDO_0005277,,non-novel,Mullard 2021
2020,Clascoterone,CHEMBL3590187,acne,ENSG00000169083,EFO_0003894,,non-novel,Mullard 2021
2020,Ozanimod,CHEMBL3707247,multiple sclerosis,ENSG00000170989,MONDO_0005301,,non-novel,Mullard 2021
2020,Lonafarnib,CHEMBL298734,hutchinson-gilford progeria syndrome,"ENSG00000257365, ENSG00000168522",MONDO_0008310,,non-novel,Mullard 2021
2021,Tralokinumab,CHEMBL1743081,atopic eczema,ENSG00000169194,EFO_0000274,,non-novel,Mullard 2022
2021,Aducanumab,CHEMBL3039540,Alzheimers disease,ENSG00000142192,MONDO_0004975,,non-novel,Mullard 2022
2021,Casimersen,CHEMBL4297566,Duchenne muscular dystrophy,ENSG00000198947,MONDO_0010679,,non-novel,Mullard 2022
2021,"Dexmethylphenidate, serdexmethylphenidate","CHEMBL827, CHEMBL4301162",attention deficit hyperactivity disorder,"ENSG00000103546, ENSG00000142319, ENSG00000142319, ENSG00000103546",EFO_0003888,,non-novel,Mullard 2022
2021,Ropeginterferon alfa-2b,CHEMBL4297819,polycythemia vera,"ENSG00000142166, ENSG00000159110",EFO_0002429,,non-novel,Mullard 2022
2021,Odevixibat,CHEMBL4297588,familial intrahepatic cholestasis,ENSG00000125255,MONDO_0017290,,non-novel,Mullard 2022
2021,Trilaciclib,CHEMBL3894860,myelosuppression; small cell lung carcinoma,"ENSG00000135446, ENSG00000105810","EFO_0007053, EFO_0000702",,non-novel,Mullard 2022
2021,Pafolacianine,CHEMBL4297412,ovarian carcinoma,ENSG00000110195,EFO_0001075,,non-novel,Mullard 2022
2021,Pegcetacoplan,CHEMBL4298211,paroxysmal nocturnal hemoglobinuria,ENSG00000125730,MONDO_0100244,,non-novel,Mullard 2022
2021,Evinacumab,CHEMBL3545191,homozygous familial hypercholesterolemia,ENSG00000132855,MONDO_0018328,,non-novel,Mullard 2022
2021,Mobocertinib,CHEMBL4650319,non-small cell lung carcinoma,ENSG00000146648,EFO_0003060,,non-novel,Mullard 2022
2021,Tivozanib,CHEMBL1289494,renal cell carcinoma,"ENSG00000102755, ENSG00000128052, ENSG00000037280, ENSG00000157404, ENSG00000113721",EFO_0000681,,non-novel,Mullard 2022
2021,Dostarlimab,CHEMBL4298124,endometrial cancer,ENSG00000188389,MONDO_0011962,,non-novel,Mullard 2022
2021,Finerenone,CHEMBL2181927,chronic kidney disease,ENSG00000151623,EFO_0003884,,non-novel,Mullard 2022
2021,Difelikefalin,CHEMBL3989915,chronic kidney disease,ENSG00000082556,EFO_0003884,,non-novel,Mullard 2022
2021,Inclisiran,CHEMBL3990033,coronary atherosclerosis,ENSG00000169174,MONDO_0021661,,non-novel,Mullard 2022
2021,Maralixibat,CHEMBL363392,Alagille syndrome,ENSG00000125255,MONDO_0007318,,non-novel,Mullard 2022
2021,Sotorasib,CHEMBL4535757,non-small cell lung carcinoma,ENSG00000133703,EFO_0003060,,non-novel,Mullard 2022
2021,Voclosporin,CHEMBL2218919,lupus nephritis,ENSG00000138814,EFO_0005761,,non-novel,Mullard 2022
2021,"Olanzapine, samidorphan","CHEMBL426084, CHEMBL715",Schizophrenia; bipolar I disorder,"ENSG00000112038, ENSG00000116329, ENSG00000082556, ENSG00000102468, ENSG00000147246, ENSG00000151577, ENSG00000069696, ENSG00000149295","MONDO_0005090, EFO_0009963",,non-novel,Mullard 2022
2021,"Drospirenone, estetrol","CHEMBL1509, CHEMBL1230314",reproductive behaviour measurement,"ENSG00000151623, ENSG00000082175, ENSG00000091831, ENSG00000140009",EFO_0007862,,non-novel,Mullard 2022
2021,Avalglucosidase alfa,CHEMBL4594320,glycogen storage disease II,ENSG00000171298,MONDO_0009290,,non-novel,Mullard 2022
2021,Fosdenopterin,CHEMBL2338675,sulfite oxidase deficiency due to molybdenum cofactor deficiency,ENSG00000164172,MONDO_0020480,,non-novel,Mullard 2022
2021,Ponesimod,CHEMBL1096146,multiple sclerosis,ENSG00000170989,MONDO_0005301,,non-novel,Mullard 2022
2021,Piflufolastat F-18,CHEMBL4297334,prostate carcinoma,ENSG00000086205,EFO_0001663,,non-novel,Mullard 2022
2021,Viloxazine,CHEMBL306700,attention deficit hyperactivity disorder,ENSG00000103546,EFO_0003888,,non-novel,Mullard 2022
2021,Atogepant,CHEMBL3991065,migraine disorder,ENSG00000064989,MONDO_0005277,,non-novel,Mullard 2022
2021,Belumosudil,CHEMBL2005186,graft versus host disease,"ENSG00000134318, ENSG00000067900",MONDO_0013730,,non-novel,Mullard 2022
2021,Amivantamab,CHEMBL4297774,non-small cell lung carcinoma,"ENSG00000105976, ENSG00000146648",EFO_0003060,,non-novel,Mullard 2022
2021,Anifrolumab,CHEMBL2364653,systemic lupus erythematosus,ENSG00000142166,MONDO_0007915,,non-novel,Mullard 2022
2021,Asciminib,CHEMBL4208229,Blast Phase Chronic Myelogenous Leukemia; BCR-ABL1 Positive,ENSG00000097007,EFO_1000131,,non-novel,Mullard 2022
2021,Lonapegsomatropin,CHEMBL4298185,Growth delay,ENSG00000112964,HP_0001510,,non-novel,Mullard 2022
2021,Avacopan,CHEMBL3989871,Anti-neutrophil cytoplasmic antibody-associated vasculitis,ENSG00000197405,MONDO_0015492,,non-novel,Mullard 2022
2021,Tepotinib,CHEMBL3402762,non-small cell lung carcinoma,ENSG00000105976,EFO_0003060,,non-novel,Mullard 2022
2021,Tezepelumab,CHEMBL3707229,asthma,ENSG00000145777,MONDO_0004979,,non-novel,Mullard 2022
2021,Tisotumab vedotin,CHEMBL4297841,cervical cancer,"ENSG00000117525, ENSG00000167552, ENSG00000258947, ENSG00000137267, ENSG00000188229, ENSG00000176014, ENSG00000261456, ENSG00000123416, ENSG00000198033, ENSG00000196230, ENSG00000167553, ENSG00000152086, ENSG00000104833, ENSG00000137285, ENSG00000101162, ENSG00000127824",MONDO_0002974,,non-novel,Mullard 2022
2021,Infigratinib,CHEMBL1852688,bile duct cancer,"ENSG00000160867, ENSG00000068078, ENSG00000066468, ENSG00000077782",MONDO_0003059,,non-novel,Mullard 2022
2021,Umbralisib,CHEMBL3948730,MZL; follicular lymphoma,"ENSG00000171608, ENSG00000097007, ENSG00000213923","EFO_1000630, MONDO_0018906",,non-novel,Mullard 2022
2021,Vericiguat,CHEMBL4066936,coronary artery disease,"ENSG00000123201, ENSG00000061918, ENSG00000152402, ENSG00000164116",EFO_0001645,,non-novel,Mullard 2022
2021,Vosoritide,CHEMBL3707276,achondroplasia,ENSG00000159899,MONDO_0007037,,non-novel,Mullard 2022
2021,Efgartigimod alfa,CHEMBL4297551,Myasthenia gravis,ENSG00000104870,EFO_0004991,,non-novel,Mullard 2022
2021,Belzutifan,CHEMBL4585668,von Hippel-Lindau disease,ENSG00000116016,MONDO_0008667,,non-novel,Mullard 2022
2021,Dasiglucagon,CHEMBL4297741,GCGR-related hyperglucagonemia,ENSG00000215644,EFO_0001360,,non-novel,Mullard 2022
2021,Loncastuximab tesirine,CHEMBL4297778,B-cell non-Hodgkins lymphoma,ENSG00000177455,EFO_1001938,,non-novel,Mullard 2022
2022,Vutrisiran,CHEMBL4594511,familial amyloid neuropathy,ENSG00000118271,EFO_0004129,,non-novel,Mullard 2023
2022,Ublituximab,CHEMBL2108354,relapsing-remitting multiple sclerosis,ENSG00000156738,EFO_0003929,,non-novel,Mullard 2023
2022,Mavacamten,CHEMBL4297517,hypertrophic cardiomyopathy,ENSG00000092054,EFO_0000538,,non-novel,Mullard 2023
2022,Abrocitinib,CHEMBL3655081,atopic eczema,ENSG00000162434,EFO_0000274,,non-novel,Mullard 2023
2022,DaxibotulinumtoxinA,CHEMBL3707359,Facial wrinkling,ENSG00000132639,HP_0009762,,non-novel,Mullard 2023
2022,Mirvetuximab soravtansine,CHEMBL3545132,ovarian carcinoma,"ENSG00000110195, ENSG00000127824, ENSG00000152086, ENSG00000261456, ENSG00000101162, ENSG00000188229, ENSG00000104833, ENSG00000258947, ENSG00000123416, ENSG00000198033, ENSG00000167553, ENSG00000137285, ENSG00000167552, ENSG00000176014, ENSG00000137267, ENSG00000196230",EFO_0001075,,non-novel,Mullard 2023
2022,Sutimlimab,CHEMBL4297832,"Anemia, Hemolytic, Autoimmune",ENSG00000182326,EFO_1001264,,non-novel,Mullard 2023
2022,Tremelimumab,CHEMBL2108658,hepatocellular carcinoma,ENSG00000163599,EFO_0000182,,non-novel,Mullard 2023
2022,Tebentafusp,CHEMBL4297990,Uveal Melanoma,ENSG00000185664,EFO_1000616,,non-novel,Mullard 2023
2022,Adagrasib,CHEMBL4594350,non-small cell lung carcinoma,ENSG00000133703,EFO_0003060,,non-novel,Mullard 2023
2022,Mosunetuzumab,CHEMBL4297788,follicular lymphoma,"ENSG00000167286, ENSG00000156738, ENSG00000198851, ENSG00000160654",MONDO_0018906,,non-novel,Mullard 2023
2022,Futibatinib,CHEMBL3701238,intrahepatic cholangiocarcinoma,"ENSG00000068078, ENSG00000077782, ENSG00000160867, ENSG00000066468",EFO_1001961,,non-novel,Mullard 2023
2022,Tirzepatide,CHEMBL4297839,type 2 diabetes mellitus,"ENSG00000010310, ENSG00000112164",MONDO_0005148,,non-novel,Mullard 2023
2022,Omidenepag isopropyl,CHEMBL4297666,"ocular hypertension, open-angle glaucoma",ENSG00000125384,"EFO_1001069, EFO_0004190",,non-novel,Mullard 2023
2022,Relatlimab,"CHEMBL3990044, CHEMBL2108738",melanoma,"ENSG00000089692, ENSG00000188389",EFO_0000756,,non-novel,Mullard 2023
2022,Lutetium Lu-177 vipivotide tetraxetan,CHEMBL4594406,prostate carcinoma,ENSG00000142515,EFO_0001663,,non-novel,Mullard 2023
2022,Mitapivat,CHEMBL4299940,hemolytic anemia,ENSG00000143627,EFO_0005558,,non-novel,Mullard 2023
2022,Daridorexant,CHEMBL4297590,insomnia,"ENSG00000137252, ENSG00000121764",EFO_0004698,,non-novel,Mullard 2023
2022,Olutasidenib,CHEMBL4297610,acute myeloid leukemia,ENSG00000138413,EFO_0000222,,non-novel,Mullard 2023
2022,Eflapegrastim,CHEMBL3833384,infection,ENSG00000119535,EFO_0000544,,non-novel,Mullard 2023
2022,Deucravacitinib,CHEMBL4435170,psoriasis vulgaris,ENSG00000105397,EFO_1001494,,non-novel,Mullard 2023
2022,Spesolimab,CHEMBL4297911,"psoriasis 14, pustular","ENSG00000115598, ENSG00000196083",MONDO_0013626,,non-novel,Mullard 2023
2022,Teclistamab,CHEMBL4594505,multiple myeloma,"ENSG00000048462, ENSG00000160654, ENSG00000198851, ENSG00000167286",EFO_0001378,,non-novel,Mullard 2023
2022,Terlipressin,CHEMBL2135460,Hepatorenal syndrome,ENSG00000166148,MONDO_0001382,,non-novel,Mullard 2023
2022,Teplizumab,CHEMBL1743078,type 1 diabetes mellitus,ENSG00000198851,MONDO_0005147,,non-novel,Mullard 2023
2022,Faricimab,CHEMBL4297750,age-related macular degeneration,"ENSG00000112715, ENSG00000091879",EFO_0001365,,non-novel,Mullard 2023
2022,Pacritinib,CHEMBL2035187,myelofibrosis,"ENSG00000096968, ENSG00000122025",MONDO_0044903,,non-novel,Mullard 2023
2022,"Vonoprazan, amoxicillin, clarithromycin","CHEMBL2079130, CHEMBL1082, CHEMBL1741",Helicobacter pylori infectious disease,"ENSG00000186009, ENSG00000105675,NA,NA",EFO_1000961,,non-novel,Mullard 2023
2022,Tapinarof,CHEMBL259571,psoriasis vulgaris,ENSG00000106546,EFO_1001494,,non-novel,Mullard 2023
2022,Olipudase alfa,CHEMBL3707358,acid sphingomyelinase deficiency,ENSG00000166311,MONDO_0100464,,non-novel,Mullard 2023
2022,Ganaxolone,CHEMBL1568698,Epileptic encephalopathy,"ENSG00000094755, ENSG00000163288, ENSG00000102287, ENSG00000166206, ENSG00000145863, ENSG00000022355, ENSG00000113327, ENSG00000187730, ENSG00000011677, ENSG00000268089, ENSG00000145864, ENSG00000151834, ENSG00000186297, ENSG00000182256, ENSG00000109158, ENSG00000163285",HP_0200134,,non-novel,Mullard 2023
,,,,,,,,
,,,,,,,,
,,,,,,,,
,,,,,,,,
,,,,,,,,
,,,,,,,,
,,,,,,,,
,,,,,,,,
,,,,,,,,
,,,,,,,,
,,,,,,,,
,,,,,,,,
,,,,,,,,